ALA,ARG,ASN,ASP,CYS,GLU,GLN,GLY,HIS,ILE,LEU,LYS,MET,PHE,PRO,SER,THR,TRP,TYR,VAL
,,,,,,,,,,,,,,,,,,,
-0.2101,-0.237,-0.01127,0.1178,0.05745,0.1096,,-0.1004,-0.0615,-0.0604,-0.1255,-0.1338,-0.1661,-0.2556,-0.1752,-0.09686,-0.1238,-0.1645,-0.1423,-0.01975
-0.5327,0.4244,0.1539,3.197,-0.1458,2.564,0.2439,0.3911,-0.03647,0.8909,0.2211,0.5204,0.3822,0.06194,-0.04813,-0.3074,-0.274,0.01731,,0.7275
0.2862,0.06292,0.3129,0.2787,0.2752,0.2927,0.1369,0.4281,0.2547,0.09477,-0.1398,,0.09856,0.2552,0.6438,0.2625,0.1911,0.1432,0.2522,0.08689
0.4051,1.539,-0.6703,3.646,0.2323,1.793,0.4863,0.7609,0.56,1.09,,1.149,0.7283,0.5537,3.67,-0.02119,-0.1624,1.904,1.499,0.2837
0.3291,0.05287,0.2195,0.3245,0.2261,0.01604,0.03691,-0.07146,0.03814,,-0.1329,0.06214,0.2369,-0.07075,1.764,0.2818,0.04241,-0.04274,-0.1564,0.1119
0.09246,1.176,0.9335,1.922,0.005105,1.018,1.024,0.8003,1.674,-0.3276,,0.7169,0.6061,0.761,0.2999,0.321,0.1662,1.473,1.249,-0.1195
0.09121,-0.1612,,0.1416,0.03148,0.1499,0.02013,0.1868,-0.09388,0.1716,0.1208,-0.08819,0.2875,-0.2581,2.197,0.1453,0.3534,-0.06584,-0.2852,0.1839
0.1642,0.8117,1.31,1.226,0.2949,1.287,1.196,,0.987,1.167,0.975,1.195,1.204,0.869,0.8325,0.5806,0.7695,0.803,0.8335,1.111
0.1387,-0.2339,-0.01097,0.1393,0.09632,0.2032,0.1239,0.3818,0.03444,0.05726,0.06526,,0.3138,0.1354,0.58,0.1781,0.05992,0.0362,0.08135,0.03159
0.6611,0.5559,0.5676,0.719,0.6037,0.7367,0.6463,0.8033,0.617,0.6348,0.643,0.5702,0.8645,0.6117,1.064,0.2706,,0.5782,0.5565,0.5992
1.075,1.001,1.225,1.242,0.7395,1.125,0.9769,1.003,1.109,0.5851,,1.011,0.8661,0.7172,1.398,1.082,0.988,1.057,1.276,0.7232
0.1188,-0.1194,0.02339,0.463,0.01332,0.221,0.1246,0.2827,0.2453,0.1853,0.408,,0.1996,0.2286,1.078,-0.2052,-0.2926,-0.2739,0.4045,0.08319
0.9268,1.065,1.007,1.22,0.9331,0.8425,1.028,,1.053,1.041,1.263,1.232,1.56,1.31,1.478,0.9908,0.9349,0.713,1.161,0.9169
0.1447,-0.1576,0.2061,0.3699,-0.05774,,-0.129,0.5452,-0.2893,-0.1371,0.1344,0.02707,0.2291,-0.04606,0.9911,-0.1713,-0.1842,-0.165,-0.271,-0.1748
0.526,-0.02494,0.4844,0.9368,0.4104,0.4667,0.2884,0.4646,0.4167,0.1381,0.2115,0.08608,0.456,0.6211,0.5762,0.4201,,0.7664,0.6251,0.1716
-0.07117,-0.1554,0.2311,0.5495,0.003414,0.2515,0.03647,-0.3243,-0.1281,0.2529,0.1716,0.04606,0.1386,-0.0243,0.6794,-0.009727,,-0.1631,-0.02668,0.2151
0.01916,-0.1324,0.2285,0.9039,-0.02837,0.9245,0.3177,0.3604,0.05118,0.1924,0.4218,-0.05714,0.7531,0.1604,1.703,0.1247,,0.08188,0.1239,0.01081
-0.189,-0.2852,-0.1999,-0.01905,-0.1753,,-0.1916,-0.1732,-0.212,-0.2437,-0.2193,-0.2544,-0.03044,-0.2458,-0.2192,-0.1617,-0.1707,-0.249,-0.2313,-0.2404
,-0.6984,0.2436,0.954,0.1854,0.7348,0.1929,0.1779,0.4126,0.8053,0.6891,-0.3368,0.5236,1.011,0.7546,0.01862,0.02184,0.7338,0.835,0.07236
0.135,-0.2671,0.03803,0.3289,0.009592,0.4309,0.1082,0.02874,0.03468,-0.002215,0.07128,0.1114,0.2796,-0.1354,0.1563,0.09918,0.1231,-0.2015,-0.1567,
-0.3338,-0.09322,-0.06135,,-0.2501,-0.2904,-0.3,-0.198,-0.2092,-0.2013,-0.2412,0.06905,-0.05176,-0.2301,-0.0504,-0.06795,-0.1756,-0.3582,-0.2366,-0.2761
,1.973,0.5605,0.7256,0.8774,1.019,1.744,0.6113,1.862,1.711,1.724,1.882,2.309,3.452,0.02766,0.2311,0.8385,3.962,3.648,1.025
,0.649,-0.7769,-0.0315,-0.6683,-1.314,-0.9126,-0.76,-1.445,-0.2116,-0.128,1.358,-0.625,-1.401,-1.26,-0.5728,-0.7566,-1.612,-2.136,-0.3071
-0.01572,-0.7652,0.1236,0.7566,-0.2066,0.7962,-0.3147,0.1427,-0.2063,-0.2327,0.0007748,-0.07941,-0.5549,-0.4016,-0.0798,-0.2212,,-0.592,-0.02714,0.1448
,3.179,1.919,3.079,0.2426,3.002,0.7165,-0.0438,1.402,1.265,2.917,3.047,1.178,1.858,0.703,0.04144,0.3739,0.7462,1.136,0.7975
8.882,8.882,8.882,5.315,3.891,,8.882,8.882,8.882,8.882,8.882,8.882,8.882,8.882,5.68,8.882,8.882,8.882,8.882,8.882
1.956,0.7022,2.115,3.941,1.402,3.634,1.982,1.954,1.602,0.9289,1.166,,1.422,1.387,1.765,2.13,1.632,2.145,2.119,1.195
-0.1465,-0.9302,-0.1985,0.9866,-0.1496,0.9129,-0.1718,0.05999,-0.07707,-0.1159,-0.117,-0.7046,-0.07259,0.03295,1.526,-0.1291,-0.1052,0.2362,0.01036,
1.041,4.135,0.3485,4.026,0.3979,1.629,0.6559,1.286,0.1372,1.132,0.3025,0.1882,0.41,,3.855,0.439,1.285,0.5446,0.5579,0.6895
8.347,1.096,4.708,8.882,3.671,8.882,8.151,8.882,8.882,4.622,3.721,,3.18,8.882,4.218,8.882,8.882,4.227,8.882,8.882
0.2762,-0.1885,-0.3458,1.911,0.2664,1.83,,-0.2069,-0.05057,0.7482,0.1124,-0.1337,0.2303,1.018,2.737,0.1827,0.4145,0.9805,1.06,0.7236
1.062,0.7675,1.025,2.013,0.7979,1.818,0.9016,0.5751,0.6835,1.062,0.3332,0.7382,0.5562,-0.2527,3.682,1.044,1.164,0.3818,,1.24
,3.137,3.485,4.79,0.04006,5.381,3.809,1.033,4.24,2.015,2.04,6.279,0.3359,2.925,4.787,0.2681,1.212,3.314,2.377,1.242
2.997,3.006,,3.589,2.023,3.505,3.276,2.004,2.812,2.337,3.05,3.661,2.92,2.617,8.786,2.009,1.56,2.338,2.808,3.22
-0.3181,-0.3921,-0.4508,,-0.2667,-0.03653,-0.172,-0.3794,-0.02769,-0.1825,-0.2393,-0.1832,-0.2334,0.1392,2.903,-0.3303,-0.2376,0.1667,0.05209,-0.3361
1.049,1.079,,1.792,0.4834,1.221,0.8753,0.7303,0.7567,0.6411,0.7889,0.9982,1.001,1.782,3.827,0.4255,0.5982,1.175,1.488,0.8898
0.07992,0.5953,0.5349,0.4662,0.4688,0.5712,0.5727,,0.5703,1.025,0.3801,0.5916,0.5804,0.4556,1.563,0.4152,0.5465,0.3575,0.3721,0.6433
1.954,0.7685,2.886,3.491,1.112,1.96,1.61,3.356,1.977,-0.07289,-0.1689,0.7969,0.1237,0.8144,3.444,2.207,1.063,2.866,1.685,
-0.6119,-0.2782,-0.2937,,-0.4618,0.2893,0.06726,0.2755,-0.9027,-0.322,0.2421,0.04918,0.07682,-0.9379,0.7875,-0.4999,0.04238,-1.32,-1.258,-0.4245
1.601,5.423,4.098,3.545,2.031,3.658,4.958,,4.783,8.827,3.167,5.194,3.07,1.864,4.469,3.159,5.326,3.573,2.904,3.008
-0.2132,-0.4098,-0.2522,-0.02147,-0.245,,-0.5276,-0.2372,-0.07744,-0.4303,-0.5402,-0.2907,-0.3397,-0.24,0.3803,-0.3053,-0.383,-0.4786,-0.2289,-0.3778
5.741,4.253,8.882,8.882,4.025,8.882,8.882,4.463,4.188,7.853,4.331,8.882,8.882,2.979,8.882,5.236,5.075,,3.454,6.221
-0.2088,-0.03776,0.2495,0.3907,0.1435,0.1251,-0.1916,-0.1768,-0.00135,0.5121,0.08358,-0.0518,-0.01732,0.09319,3.934,-0.01922,,-0.06206,0.2022,0.6205
2.002,2.046,2.157,3.461,1.175,3.288,2.5,2.29,1.043,1.021,0.593,2.139,0.9187,0.1608,3.933,2.159,2.211,-0.4204,,1.374
-0.06443,-0.1451,-0.1456,,-0.1092,0.101,-0.0685,-0.05795,-0.06966,-0.04053,-0.06248,-0.1255,-0.03503,0.04774,2.186,-0.148,-0.2416,0.004863,0.1036,-0.09134
-0.3423,-0.8814,-0.3179,,-0.2085,0.01884,-0.3581,-0.2731,-0.5788,-0.1935,-0.2532,-0.5671,-0.1868,-0.3997,-0.4108,-0.3833,-0.2408,-0.5714,-0.356,-0.2548
,-0.1263,-0.06917,0.02936,-0.05415,-0.01043,-0.1045,-0.06091,-0.1129,-0.1357,-0.1166,-0.1272,-0.09726,-0.1454,-0.08263,-0.07715,-0.0928,-0.1151,-0.1129,-0.1236
-0.03279,-0.1156,-0.01311,0.04634,-0.08167,-0.01387,-0.07136,-0.02182,-0.06578,-0.1839,-0.08697,-0.1164,-0.0421,-0.04496,0.07254,-0.1103,,-0.1136,-0.08481,-0.01559
-0.02716,-0.1177,0.1098,0.1092,0.1223,0.05539,0.05377,-0.2578,-0.02425,0.1795,0.1766,,0.2504,0.2997,0.6951,0.01267,0.07026,0.1223,0.2213,0.03301
0.2161,-0.3392,-0.2065,-0.1718,-0.02902,-0.2395,-0.3097,0.001576,-0.3318,-0.3376,-0.5173,-0.3563,-0.3911,-0.2958,3.031,0.1897,,-0.3637,-0.327,-0.3597
2.641,4.703,3.949,4.993,2.56,3.571,3.87,4.254,2.615,1.843,1.072,4.347,1.192,,4.395,3.694,3.316,3.564,1.618,2.229
0.06596,0.1536,0.2698,0.3769,0.1243,0.1055,0.06989,-0.4444,0.3817,0.273,0.4917,0.1318,0.2426,0.5139,3.68,-0.01826,,0.08911,0.4617,0.05215
-0.1561,3.925,1.03,1.879,-0.1751,2.174,1.476,-3.698,1.362,0.8858,0.8026,3.596,0.4668,0.2869,3.605,0.5583,0.4751,0.4815,2.351,
0.3654,0.1566,0.4313,0.5777,0.349,0.4487,0.3725,0.6295,0.4767,0.5257,0.4781,0.2181,0.4361,0.4495,2.231,0.2371,,0.2699,0.3804,0.3856
0.8208,0.8872,1.072,1.154,1.06,,0.673,0.9794,0.9727,1.233,1.232,0.9417,1.135,1.038,1.226,0.7635,0.6778,0.8081,1.094,0.931
